{
    "MAE": 620.0564951498139,
    "MSE": 139686932.49868098,
    "RMSE": 11818.92264543097,
    "R2": 0.843918510062337
}